,anio,Aruba,Afghanistan,Angola,Albania,Andorra,Arab World,United Arab Emirates,Argentina,Armenia,Antigua and Barbuda,Australia,Austria,Azerbaijan,Burundi,Belgium,Benin,Burkina Faso,Bangladesh,Bulgaria,Bahrain,"Bahamas, The",Bosnia and Herzegovina,Belarus,Belize,Bermuda,Bolivia,Brazil,Barbados,Brunei Darussalam,Bhutan,Botswana,Central African Republic,Canada,Central Europe and the Baltics,Switzerland,Channel Islands,Chile,China,Cote d'Ivoire,Cameroon,"Congo, Dem. Rep.","Congo, Rep.",Colombia,Comoros,Cabo Verde,Costa Rica,Caribbean small states,Cuba,Curacao,Cayman Islands,Cyprus,Czech Republic,Germany,Djibouti,Dominica,Denmark,Dominican Republic,Algeria,East Asia & Pacific (excluding high income),Early-demographic dividend,East Asia & Pacific,Europe & Central Asia (excluding high income),Europe & Central Asia,Ecuador,"Egypt, Arab Rep.",Euro area,Eritrea,Spain,Estonia,Ethiopia,European Union,Fragile and conflict affected situations,Finland,Fiji,France,Faroe Islands,"Micronesia, Fed. Sts.",Gabon,United Kingdom,Georgia,Ghana,Gibraltar,Guinea,"Gambia, The",Guinea-Bissau,Equatorial Guinea,Greece,Grenada,Greenland,Guatemala,Guam,Guyana,High income,"Hong Kong SAR, China",Honduras,Heavily indebted poor countries (HIPC),Croatia,Haiti,Hungary,IBRD only,IDA & IBRD total,IDA total,IDA blend,Indonesia,IDA only,Isle of Man,India,Not classified,Ireland,"Iran, Islamic Rep.",Iraq,Iceland,Israel,Italy,Jamaica,Jordan,Japan,Kazakhstan,Kenya,Kyrgyz Republic,Cambodia,Kiribati,St. Kitts and Nevis,"Korea, Rep.",Kuwait,Latin America & Caribbean (excluding high income),Lao PDR,Lebanon,Liberia,Libya,St. Lucia,Latin America & Caribbean,Least developed countries: UN classification,Low income,Liechtenstein,Sri Lanka,Lower middle income,Low & middle income,Lesotho,Late-demographic dividend,Lithuania,Luxembourg,Latvia,"Macao SAR, China",St. Martin (French part),Morocco,Monaco,Moldova,Madagascar,Maldives,Middle East & North Africa,Mexico,Marshall Islands,Middle income,"Macedonia, FYR",Mali,Malta,Myanmar,Middle East & North Africa (excluding high income),Montenegro,Mongolia,Northern Mariana Islands,Mozambique,Mauritania,Mauritius,Malawi,Malaysia,North America,Namibia,New Caledonia,Niger,Nigeria,Nicaragua,Netherlands,Norway,Nepal,Nauru,New Zealand,OECD members,Oman,Other small states,Pakistan,Panama,Peru,Philippines,Palau,Papua New Guinea,Poland,Pre-demographic dividend,Puerto Rico,"Korea, Dem. People?s Rep.",Portugal,Paraguay,West Bank and Gaza,Pacific island small states,Post-demographic dividend,French Polynesia,Qatar,Romania,Russian Federation,Rwanda,South Asia,Saudi Arabia,Sudan,Senegal,Singapore,Solomon Islands,Sierra Leone,El Salvador,San Marino,Somalia,Serbia,Sub-Saharan Africa (excluding high income),South Sudan,Sub-Saharan Africa,Small states,Sao Tome and Principe,Suriname,Slovak Republic,Slovenia,Sweden,Swaziland,Sint Maarten (Dutch part),Seychelles,Syrian Arab Republic,Turks and Caicos Islands,Chad,East Asia & Pacific (IDA & IBRD countries),Europe & Central Asia (IDA & IBRD countries),Togo,Thailand,Tajikistan,Turkmenistan,Latin America & the Caribbean (IDA & IBRD countries),Timor-Leste,Middle East & North Africa (IDA & IBRD countries),Tonga,South Asia (IDA & IBRD),Sub-Saharan Africa (IDA & IBRD countries),Trinidad and Tobago,Tunisia,Turkey,Tuvalu,Tanzania,Uganda,Ukraine,Upper middle income,Uruguay,United States,Uzbekistan,St. Vincent and the Grenadines,"Venezuela, RB",British Virgin Islands,Virgin Islands (U.S.),Vietnam,Vanuatu,World,Samoa,Kosovo,"Yemen, Rep.",South Africa,Zambia,Zimbabwe
1,1990,88.44535065,0.01,11.39780807,100,100,74.38423904,100,90.64082336,97.68037415,85.12319946,100,100,95.87023163,0.348627061,100,7.311272144,2.610557318,8.544374466,100,,90.79119873,96.88565063,100,87.96473694,100,56.38216782,87.475116,,100,0.01,6.043880463,0.01,100,100,100,100,92.257427,92.21601105,36.65949249,30.12971687,0.01,0.01,89.9,15.2995491,32.55810165,97.47466278,76.93451563,92.52192688,100,100,100,100,100,59.60907745,66.03043365,100,79.59869385,98.27137756,82.59916775,53.07929931,84.11540944,97.6192254,98.89779005,88.94174957,93.95646667,100,17.8409462,100,100,0.01,100,28.10616133,100,60.46178818,100,100,28.03698158,64.61288452,100,97.33401489,23.53626251,100,6.429067135,16.23235321,0.01,58.59144211,100,81.56082916,100,60.18920135,,68.21060181,99.84368299,100,54.74451828,10.54875754,100,28.00139809,100,76.11655124,65.99459544,24.26915834,43.75052856,61.70114517,14.41441994,100,43.29156113,,100,95.57950592,93.48020935,100,100,100,70.334586,96.8,100,97.72080994,3.318389893,99.17418671,0.01,31.55973244,87.54239655,,100,85.27200565,15.30261421,97.90869904,0.01,99.83592987,83.72320557,85.56233307,9.086144186,3.509258518,100,52.93764114,48.28482689,65.35159444,0.01,89.70144926,100,100,100,,41.97810364,48.11626434,100,94.91943359,9.571782112,73.0881424,86.4994852,94.26457214,52.44190979,70.38072485,94.33944702,0.01,100,35.65203094,85.93966431,98.40816498,68.11283875,,0.01,3.886186838,99.23442078,1.120719671,93.95503998,100,25.2347908,,2.290002346,27.3,66.82804108,100,100,0.01,100,100,98.83355874,,44.81103408,59.93660355,70.19,60.22378922,62.11444855,97.47045135,5.114663601,100,16.04699751,,0.01,100,80.42372894,97.35402679,44.75584164,99.78543167,100,100,100,100,0.01,40.56578759,,32.8,25.13053513,100,0.01,7.0815382,72.46346283,100,0.01,99.27126312,15.9544666,0.01,15.96445357,52.38258091,42.75796509,100,100,100,100,0.01,100,89.54558563,80.54584503,88.7,0.01,83.65724703,97.83106131,0.01,75.89871216,96.6034317,98.61314392,85.38128095,0.01,85.83971794,77.79976654,40.56578759,15.96445357,82.70045471,87.99334717,88.78113556,90.70191956,2.483708858,1.266457081,98.00318909,91.25964592,96.29027557,100,98.41362,66.05391693,97.3895874,,100,74.1146698,7.006693363,71.3929453,77.84141541,87.69469452,36.00909805,59.33794022,13.9,30.35783195
2,1991,88.78084564,0.01,12.57937908,100,100,74.38222009,100,91.12367249,97.85359192,85.65510559,100,100,96.16372681,0.688546002,100,8.683940887,3.308718681,14.29,100,,91.3105011,97.11223602,100,88.18964386,100,57.85351563,89.83562469,,100,0.481654525,10.1,0.53883028,100,100,100,100,94.25153351,92.65581512,37.78728104,29,0.582454681,0.834693372,90.76000977,17.76657677,34.92931366,97.63420105,79.97517829,92.99980164,100,100,100,100,100,59.36952591,67.54698181,100,78.2,98.37776947,81.60168432,53.12009397,83.19146015,97.75218706,98.95892639,89.42610168,94.31864929,100,19.01162148,100,100,0.01,100,28.15300751,100,61.99187469,100,100,29.92145157,65.70444489,100,97.51725006,25.68720436,100,7.474211216,17.50630569,0.265749454,59.01051712,100,82.03704834,100,61.46566772,,68.88869476,99.87409929,100,54.781937,10.85447152,100,28.4739666,100,76.21381059,66.3019533,25.89066261,45.79831391,48.9,15.82877337,100,44.93899536,,100,95.83211517,93.80567932,100,100,100,76.57942963,97.41606903,100,97.89183044,4.614890099,99.26725769,0.105638802,33.67414093,88.12861633,,100,86.44217376,18.12535286,98.08947754,0.01,99.84741974,84.32457733,86.74694682,10.55157309,4.072322392,100,54.63951111,48.56703109,65.66081715,0.01,90.32154383,100,100,100,,43.19311142,50.32674789,100,95.2743988,10.0140934,74.36536407,87.02856926,94.57529449,54.06860733,70.72188442,94.68214417,0.023679812,100,36.53493118,86.48401532,98.54875183,68.6997757,,0.010269812,5.400185108,99.2784729,1.5494591,94.29708862,100,26.31731606,,2.887128115,33.55838013,67.46522522,100,100,0.065060191,100,100,98.90855589,,45.30102171,59.6,73.3535614,61.61709595,63.28618622,97.60187531,5.861414909,100,17.73505349,,0.028545072,100,81.32014465,97.54807281,45.68805426,99.80262527,100,100,100,100,0.01,42.34556546,,27.0560112,26.65760231,100,0.01,7.520792484,69.60788,100,0.01,99.36639404,17.49498297,0.01,17.50468401,53.42627287,43.6918335,100,100,100,100,0.423998952,100,90.01955414,81.38981628,90.50404358,0.030787271,82.6470977,97.95204671,0.942452967,77.06542206,96.82150269,98.74869537,86.58645693,0.087450981,86.38514494,78.59857941,42.34556546,17.50468401,83.61853027,88.66529846,89.4154129,91.09893036,3.234415293,5.6,98.17831421,91.81804234,96.50038147,100,98.57321167,66.8,97.53620911,,100,75.36421204,8.576991081,71.60042794,78.8,88.33347321,37.44107056,60.57508087,14.11542606,30.71880531
3,1992,89.11582947,0.01,13.76043987,100,100,74.31316029,100,91.60601807,98.02389526,86.18650055,100,100,96.45671844,1.027955055,100,10.05609989,4.006370068,13.44425011,100,,91.8292923,97.33831024,100,88.41403961,100,59.32434845,88.803833,,100,1.834139943,10.36972141,1.081371188,100,100,100,100,94.560057,93.09511566,38.91461563,32.55559921,1.183003187,1.627603769,91.15319824,20.23309326,37.3000145,97.79322815,80.79429208,93.47717285,100,100,100,100,100,59.1294632,69.06302643,100,81.42847443,98.48365784,83.8893762,55.65209793,85.26959684,97.88777386,99.02181573,89.90994263,93.4,100,20.18178749,100,100,0.027324773,100,28.81516481,100,63.52145386,100,100,31.80541229,66.79550171,100,97.69996643,27.83763504,100,8.518845558,18.77974892,0.541686714,59.42907715,100,82.51274872,100,62.74162292,,69.56626892,99.8798821,100,58.913112,11.75106351,100,28.94602776,100,77.64056424,67.54884511,26.88090318,47.64845503,65.10918427,16.39956358,100,46.58592224,,100,96.08421326,94.13063812,100,100,100,77.50783539,97.60826874,100,98.05994415,5.910881042,99.35982513,0.477305949,35.78803635,88.71432495,,100,86.58006837,20.94758224,98.26875305,0.01,99.85840607,84.92544556,86.89156176,11.06182048,4.482630532,100,56.34087372,51.26313266,66.91961548,0.01,90.58297387,100,100,100,,44.40760803,49.2,100,95.62885284,9.2,75.64207458,87.05114448,93.145981,55.69479752,72.11038956,95.02433777,0.130867511,100,37.41732025,86.61388176,98.68784332,69.28619385,,0.029886074,6.913673878,99.32201385,3.2,94.6386261,100,26.4,,4.4,34.61891174,68.10189819,100,100,0.458564401,100,100,98.81518994,,45.41880341,63.07523727,74.21954346,70.1,64.45741272,97.73278809,6.607656002,100,18.6530001,,0.167668208,100,82.21605682,97.74160767,46.64502781,99.81980455,100,100,100,100,2.3,43.86661144,,27.57832146,28.18415833,100,0.01,7.959536552,74.59783936,100,0.01,99.46003723,18.37946407,0.01,18.38889018,53.70651707,44.62519073,100,100,100,100,1.448824644,100,90.49301147,82.233284,90.77531433,0.108397804,84.96428404,98.07541712,2.845301628,78.23162079,97.0390625,98.88275146,86.72474398,0.465930611,86.51225262,79.39687347,43.86661144,18.38889018,84.53608704,89.33674622,90.04917908,91.49542999,6.8,2.767665863,98.35194397,92.12825959,96.70998383,100,98.73130798,68.92166901,97.820203,,100,76.61323547,10.14677811,72.58418496,79.86878967,88.97174835,44.1,61.81171036,19.2,28.2
4,1993,89.44775391,0.01,14.93844128,100,100,75.34932484,100,92.08530426,98.19134521,86.71483612,100,100,96.74664307,1.364305139,100,11.42519951,6.1,15.89087391,100,,92.34502411,97.56132507,100,88.63538361,100,60.7921257,89.999927,,100,3.678616524,12.52932739,1.682021976,100,100,100,100,94.94730377,93.53135681,40.03924942,33.76522446,1.911180377,3.979705572,91.54332733,22.69655228,39.66765976,97.94919586,81.86284749,93.95147705,100,100,100,100,100,58.88634491,70.57600403,100,82.34005737,98.58647919,83.24598375,57.10697435,84.66997737,98.02508021,99.08543444,90.39072418,95.03894043,100,21.34889221,100,100,0.157241911,100,29.22290164,100,65.04797363,100,100,33.68631363,67.88349915,100,97.87963104,30.6,100,9.560420036,17.7,1.192769289,59.8445816,100,82.98539734,100,64.01451874,,72.376631,99.88717781,100,61.100156,12.07215375,100,29.41502762,100,78.55773193,68.38113487,27.85337029,49.2026263,55.43,17.09862858,100,50.9,,100,96.33325958,94.45253754,100,100,100,78.43318176,97.79741669,100,98.22520447,10.9,99.44933319,0.570303142,37.89887619,89.29698181,,100,87.38347496,31,98.44447327,0.01,99.86633301,85.52325439,87.67678181,11.69557146,4.762249317,100,58.03917313,52.90346993,67.76260886,0.01,91.1323098,100,100,100,,45.61904907,54.74364471,100,95.9802475,10.89463806,76.91572571,87.92757228,95.19265747,57.31792831,73.0649486,95.36346436,0.511635363,100,38.29664993,87.51553725,98.82337952,69.86956024,,0.159723803,8.424103737,99.36250305,2.402858973,94.97710419,100,28.47828865,,4.077301025,35.67638779,72.064174,100,100,1.726277947,100,100,99.01905441,,45.81957003,64.64124298,75.08246613,64.39963531,65.4,97.86064148,7.350838661,100,19.31171329,,0.64062202,100,83.10890198,97.93208313,47.6041472,99.83681369,100,100,100,100,0.0427722,47.56233912,,28.09757042,26,100,0.01,8.39522171,75.66170502,100,0.01,99.55010986,19.14976099,0.01,19.1590857,54.25285009,45.55548859,100,100,100,100,3.002629757,100,90.96340942,83.07369232,91.04351807,0.297480613,84.30902481,98.20035476,4.745091438,79.39476013,97.25356293,99.01324463,87.5200235,1.524141431,87.41819699,80.19211578,47.56233912,19.1590857,85.45059204,90.00512695,90.67989349,91.88887024,4.731749058,3.514956474,98.52201843,92.58806781,96.91652679,100,98.885849,70.35223389,97.82538605,,100,77.85920715,11.71350574,73.23779898,80.87916565,89.60695648,40.30093765,63.04528427,15.28750324,31.43667793
5,1994,89.77355957,0.01,16.11032486,100,100,75.78852169,100,92.55847168,98.3526001,87.23705292,100,100,97.03045654,1.694536924,100,12.78818035,5.389437199,17.8,100,,92.85463715,97.77822113,100,88.8506012,100,64.1,91.4888916,,100,8.184187889,14.68281555,2.276554585,100,100,100,100,95.28754425,93.96147156,36.5,34.96873474,2.633239269,6.325689316,91.92734528,25.15389252,42.02918625,98.09217072,82.3787406,94.4196701,100,100,100,100,100,58.63710403,72.08286285,100,83.24551392,98.68318939,84.5358954,57.7000468,85.84456395,98.16018095,99.14852589,90.86538696,95.39144135,100,22.50988197,100,100,0.598653972,100,29.39131448,100,66.56837463,100,100,35.56109619,68.96537018,100,98.04629517,32.12625885,100,10.59587669,21.31439972,1.837733626,60.25396729,100,83.45192719,100,65.28129578,,70.90919495,99.8937753,100,64.733947,12.61980045,100,29.87791061,100,78.97510143,68.76587509,28.58643907,49.88796772,62.8,17.87856038,100,49.86753464,,100,96.5761795,94.76832581,100,100,100,79.35240936,97.98043823,100,98.38425446,8.490625381,99.53272247,2.769064426,40.00359344,89.87351227,,100,88.23003624,26.57980156,98.61398315,0.01,99.86814117,86.11493683,88.50213815,12.63943972,5.326283321,100,59.73135757,53.48936586,68.15632904,0.01,91.64035154,100,100,100,100,46.82437134,56.94444275,100,96.32552338,11.32726288,78.18326569,88.29392258,95.238294,58.93494034,73.51089029,95.6964798,0.885507882,100,39.16986465,87.89023707,98.95270538,70.44680023,,0.559485316,9.928415298,99.39686584,2.821911097,95.3094635,100,29.55112839,,4.664740086,36.72774506,69.36301422,100,100,3.5338521,100,100,99.05229488,,46.61695809,66.2011261,75.93927002,65.78325653,66.7876358,97.98236847,8.087903023,100,19.74817004,,1.196884632,100,83.99563599,98.11643982,48.76122019,99.85348496,100,100,100,100,0.188256279,47.12976416,,28.61070251,31.22503471,100,0.01,8.824788094,76.71945953,100,0.024699653,99.6339798,19.62177155,0.01,19.63090439,54.96256463,46.47967148,99.99056244,100,100,100,5.792140007,100,90,83.90798187,91.30561066,0.575130105,85.61007175,98.32352967,6.638762474,80.55178833,97.46195221,99.13754272,88.35634326,3.119892359,87.79238509,80,47.12976416,19.63090439,86.35897827,86.8,91.30448914,92.27619171,5.47276783,4.256128788,98.68586731,93.0572699,97.11695099,100,99.03417969,71.77667999,97.96232605,,100,79.09905243,18,73.5221496,80,90.23605347,41.72322083,64.2727356,15.86589432,28.1
6,1995,90.09018707,0.01,17.27303123,100,100,76.21413797,100,93.02246094,98.50465393,87.75009155,100,100,97.30509186,2.015591383,100,14.14198494,6.068734169,20.76270866,100,,93.35507202,97.98593903,100,89.05664825,100,63.70626831,91.728598,,100,12.68058109,16.82712746,3,100,100,100,100,95.6186142,94.38241577,42.2695694,36.16306686,3.346121073,8.662495613,91.2,27.6020546,44.38153458,98.23054504,83.15428232,94.87867737,100,100,100,100,,58.37868881,73.58055115,100,84.14179993,98.77071381,85.45995378,59.21026912,86.99880136,98.34773003,99.15527467,89.830167,95.5,100,22.9,100,100,1.11878562,100,30.45011614,100,68.07959747,100,100,37.42670441,70.03807068,100,98.20836639,34.25833893,100,11.62215614,22.56948662,2.473520517,60.6541748,100,83.90927887,100,60.8,100,71.56842041,99.89671717,100,66.122022,13.6509202,100,31.3,100,79.79474729,69.59888644,29.94196103,51.13979988,66.86,19.30832329,100,51.49610519,,100,96.80992889,95.07492828,100,100,100,80.2624588,98.14511108,100,99.9,9.768261909,99.60693359,4.958648682,42.09913635,90.44087219,100,100,88.35989778,25,98.77430725,0.01,99.86076355,86.69744873,88.6397508,13.98344325,6.457653121,100,61.41436386,55.08096758,69.00648888,0.01,92.04201325,100,100,100,100,48.02051544,56.5,100,96.66162872,11.75070953,79.44161987,88.58637962,95.78555298,60.5427742,74.40361459,96.02031708,2.492473841,100,40.0338974,88.11646466,99.07284546,71.01486969,100,1.17910111,11.4235487,99.42205811,3.231786013,95.63264465,100,30.61478996,100,6.2,37.76992416,69.98133087,100,100,7.575012684,100,100,99.09899912,,47.37110924,67.75183105,76.78689575,67.15769958,67.94051361,98.09492493,8.815789223,100,20.81629263,,2.979457378,100,77.469114,98.29162598,49.50749916,99.86401016,100,100,100,100,0.577478111,48.87319612,,29.11465645,32.73323822,100,0.032361541,9.245178223,76.995504,100,0.136908397,99.70866394,20.7630079,0.01,20.77212429,55.67304443,47.39467239,99.92409515,100,100,100,8.572473526,100,91.88279724,84.73309326,91.55852509,1.003540397,86.52362136,98.49444478,8.523256302,81.69963074,97.6611557,99.25263977,88.48788653,5.912778854,88.0167191,81.76117706,48.87319612,20.77212429,87.25817871,88.7,91.91989899,92.65434265,6.204609871,6.8,98.84054565,93.41826295,97.30819702,100,99.17332458,73.19194794,98.09008789,,100,80.32972717,14.82554913,74.02683314,82.87850189,90.85596466,43.13632965,65.49101257,16.43510818,32.13007736
7,1996,90.39458466,0.01,18.42350197,100,100,77.20514987,100,93.47421265,98.64447021,88.25089264,100,100,97.56748962,2.324409485,100,14.5,6.735794544,23.18179893,100,,93.84327698,98.16995239,100,89.25045776,100,71,92.867095,,100,17.16473961,18.95920181,3.435028553,100,100,100,100,95.617315,94.79112244,43.36985016,37.34516144,4.046766281,10.98706532,92.66477203,28.9,46.72164536,98.35668945,85.82487727,95.32545471,100,100,100,100,100,62,75.06600189,100,85.02584076,98.8460083,86.57578867,60.826469,87.99043639,98.43813162,99.27832646,91.78411865,96.0658493,100,24.80126762,100,100,2.780768871,100,31.19953831,100,66.9,100,100,39.28007126,71.09853363,100,98.35820007,36.37817764,100,12.636199,23.81233978,3.097071171,61.04214859,100,84.35438538,100,67.78425598,100,72.21540833,99.90679967,100,61.68112,14.71371354,100,30.77308464,100,80.74089927,70.54335956,31.3432848,52.30284587,72.39,20.8464246,100,53.1124382,,100,97.03143311,95.36929321,100,100,100,85.706045,98.3044281,100,98.67173004,11.03366089,99.66890717,7.135995865,44.18244171,90.99599457,100,100,89.38927651,32.17531586,98.9223938,0.01,99.84116364,87.26772308,89.6304728,15.63871783,8.018440013,100,63.0851326,56.90899833,69.96977655,0.01357957,92.5993877,100,100,100,100,49.204422,61.31544876,100,96.98548889,12.16192055,80.68774414,89.46438906,96.093624,62.13837051,75.38097804,96.33190918,6.2,100,40.88569641,89.02719851,99.18074036,71.5707016,100,2.318697929,12.90644646,99.43501282,3.629424572,95.94358826,100,31.66621399,100,7,38.79986954,70.5874176,100,100,17.9,100,100,99.21568682,,48.27219543,69.29030609,77.62228394,67,69.08114624,98.19524384,11,100,21.76202747,,4.74979353,100,85.7385025,98.45456696,49.34328071,99.88907072,100,100,100,100,1.162302732,50.67016283,,29.60637474,34.22920227,100,0.206765354,9.653330803,77.883,100,0.525144458,99.77090454,21.17763931,0.01,21.18665,56.8480982,48.29743958,99.71331787,100,100,100,11.3405695,100,92.32566833,85.5459671,91.79920197,1.419714212,87.63020627,98.57684134,10.39551449,82.8352356,97.84812164,99.35549927,89.49371392,8.693428993,88.93248655,82.52888489,50.67016283,21.18665,88.14514923,90.4,92.52307892,93.02024841,9.4,5.707881927,98.98297119,93.70368149,97.48720551,100,99.6,74.59497833,98.20561218,,100,81.54815674,16.36474609,75.15594252,83.86134338,91.46364594,44.53720474,57.6,17.3,32.45994949
8,1997,90.68367767,0.01,19.55867577,100,100,77.57372994,100,93.91067505,98.76902771,88.73640442,100,100,97.81459045,2.617931843,100,16.80982399,7.387559414,22.4,100,,94.316185,98.34786987,100,89.42897034,100,67.330431,93.354139,,100,21.63360023,21.07597923,3.992851973,100,100,100,100,96.2409668,95.18453217,44.45660019,38.51195908,4.732116222,13.29633999,93.01207733,32.45861053,49.04646301,98.46755981,84.63400591,95.75693512,100,100,100,100,100,57.82208633,76.5361557,100,85.89459229,98.90600586,87.74910858,62.58991925,89.03311269,98.54427517,99.32768752,92.22207642,96.38163757,100,25.92554474,100,100,4.427456856,100,31.77077439,100,71.06227875,100,100,41.11814499,72.14369965,100,98.49276733,38.48272324,100,13.63494682,25.03989601,3.705326319,61.41482162,100,84.78421021,100,69.01432037,100,72.84710693,99.91741364,100,64.794754,15.30354864,100,31.1992569,100,81.82998859,71.41518695,31.83790186,53.36592623,80.3,21.0714155,100,54.71347427,,100,97.23764801,95.64836884,100,100,100,82.04279327,98.9,100,98.79408264,12.28376484,99.8,9.298048019,46.25045395,91.53582001,100,100,89.85025539,34.95165634,99.0552063,0.01,99.80625916,87.8227005,90.09427038,15.78480379,8.450137437,100,64.74060822,58.47392548,70.85773575,0.061689552,92.87348191,100,100,100,100,50.37303543,63.47954178,100,97.29405212,10.9,81.91857147,89.79836273,96.32950592,63.71867371,76.37449039,96.62821198,5.666636944,100,41.7222023,89.36915468,99.27337646,72.11123657,100,6.6,14.37404919,99.43267059,4.011767387,96.23923492,100,32.70234299,100,6.359755516,39.81451416,71.17819977,100,100,15.6175642,100,100,99.26868626,,49.01770786,70.81347656,78.44238281,69.16024,70.20648956,98.28027344,10.23179436,100,22.36870471,,6.504834175,100,86.412854,97.9,51.49746146,99.9017201,100,100,100,100,2.141790152,51.94345827,,30.082798,32.2,100,0.823471665,10.04618835,79.82542419,100,0.950777709,99.81654358,22.59199849,0.01,22.60065971,57.19701887,49.18491364,99.30543518,100,100,100,14.09337044,100,92,86.34354401,92.02458191,2.3,88.79402034,98.67349049,12.25247669,83.95555115,98.00605774,99.44309998,89.9599256,11.45878315,89.28128319,83.28129578,51.94345827,22.60065971,89.01682281,92,93.11096191,93.37086487,7.62852478,6.412344933,99.11013794,94.26716274,97.65092468,100,99.41186523,75.98271179,98.30583954,,100,78.4,17.88864517,75.85262014,84.82888794,92.05603027,42.6,67.88779449,17.5337677,32.7745285
9,1998,90.954422,0.021977138,20.67549515,100,100,78.39551105,100,94.3287735,98.87550354,89.20355225,100,100,98.02761841,3.9,100,18.11774254,8.020970345,27.97103691,100,,94.77072906,98.50772095,100,89.58912659,100,71.2,94.193812,,100,26.08410835,23.17440414,4.532320499,100,100,100,100,97.241124,95.5595932,45.52711487,40.7,5.399111271,15.58725929,93.34102631,34.86088562,51.35292435,98.56036377,85.29306611,96.1700592,100,100,100,100,100,57.51778412,75,100,86.74498749,98.94764709,88.50377762,63.8562823,89.70233614,98.66052249,99.38183122,92.726642,96.67906952,100,27.03146935,100,100,6.055789948,100,32.45041473,100,72.52761841,100,100,42.93786621,73.17051697,100,98.60926056,42.6,100,14.61533928,26.24909782,4.295226574,61.76914597,100,85.04,100,70.22603607,100,73.46044159,99.93374772,100,66.859519,16.3910347,100,31.60707664,100,82.57529585,72.23408508,33.38215329,53.86434176,80.94,23.15139065,100,56.29615784,,100,97.42551422,95.90908813,100,100,100,82.90695953,98.57444763,100,98.89836884,14.5,99.74391174,18.67,48.30010986,92.05728912,100,100,90.48351915,37.70964432,99.16995239,0.01,99.75299835,88.35932922,90.73484488,17.94978262,9.535435143,100,66.37773132,60.05642091,71.69158244,0.301523358,93.51000783,100,100,100,100,51.52329254,65.62527466,100,97.58426666,12.93539619,83.13104248,90.50879616,96.092755,65.28062439,77.25384247,96.90616608,7.227716446,100,42.54034805,90.10269744,99.34793091,72.63341522,100,4.548945904,15.82329655,99.41197205,4.375755787,96.5165329,100,33.72011948,100,6.7,40.81081009,69.047103,100,100,19.61283875,99.99992371,100,99.28566702,,49.9085085,70.46,79.24412537,72.072063,71.3,98.34693909,10.91379452,100,23.30714956,,8.241519928,100,87.4201889,98.73151398,52.50069636,99.91292372,100,100,100,100,3.102922916,53.72808492,,30.54086494,37.17218781,100,1.441138625,10.42069149,81.637983,100,2.487471581,99.84061432,23.38834476,0.01,23.39699229,57.98616613,50.05402756,98.74053955,100,100,100,16.82781792,100,93.16246033,87.12277222,92.23160553,2.203116179,89.53362583,98.7793963,15.3,85.05751038,98.15739441,99.51256561,90.60696731,14.20578289,90.01326526,84.01535034,53.72808492,23.39699229,89.87014771,93.2,93.68048859,93.703125,8.314479828,7.098453045,99.21923065,94.57752883,97.79627991,100,99.50543213,77.35209656,98.3877182,,100,83.93608856,19.39419174,76.50869663,85.7780838,92.63005829,47.29000092,64.9,19,33.07075119
10,1999,91.20375061,0.179634586,21.77090073,100,100,78.96553167,100,94.72546387,98.96206665,89.64929199,100,100,97,3.146853924,100,19.40424538,6.9,30.33506584,100,,95.20387268,98.64764404,100,89.72786713,100,70.929888,94.76296,,100,30.51320076,25.25141525,5.050375462,100,100,100,100,96.78990936,95.9132309,48.2,40.78743744,6.044692516,17.85676575,93.64855957,37.24174881,53.63796997,98.63323975,86.45337933,96.56177521,100,100,100,100,100,57.19207001,79.41833496,100,91,98.96788025,89.18371986,66.35376968,90.30522619,98.65134055,99.37830605,93.071434,96.95509338,100,28.11598015,100,100,7.662709236,100,33.25049423,100,73.97154236,100,100,44.73617172,74.17591858,100,98.70584106,42.63368607,100,16.4,27.43688583,4.863713264,62.10205078,100,85.58572388,100,70.9,100,74.05236816,99.92855479,100,67.394103,16.98570894,100,31.99348068,100,83.98852958,73.582367,34.93326573,56.71813009,83.73,24.06953926,100,60.1,,100,97.59195709,96.14839172,100,100,100,84.554112,98.68051147,100,97,14.72585011,99.75081635,13.56402969,50.32835007,92.55734253,100,100,91.12530687,40.44621658,99.26478577,0.01,99.67832947,88.87454224,91.3400814,18.94011778,10.53563979,100,67.99343109,62.66007645,73.06071733,0.956824481,93.90882847,100,100,100,100,52.65213394,67.74959564,100,97.85306549,13.29154301,84.32209778,90.99776171,96.80003357,68.52423588,78.7286446,97.16269684,8.767381668,100,43.33708572,90.60524368,99.40249634,73.13418579,100,5.633478642,17.25112915,99.36986542,4.718330383,96.77241516,100,34.71648026,100,7.403091431,44.9,72.30165863,100,100,23.58669853,99.99763489,100,99.36549978,,50.88688375,73.80171204,80.02445221,74.078523,71.87417093,98.39219666,11.57438087,100,24.56342181,,9.956792831,100,88.518177,98.83939362,56.1668357,99.92270268,100,100,100,100,4.042642117,57.26320022,,30.97751999,36.2,100,15.7,10.77378082,79.129592,100,4.002751827,99.84061432,25.00122581,0.01,25.00966457,59.12751815,50.9017334,99.62406,100,100,100,19.54084969,100,93.55026245,87.88058472,92.41722107,2.564226151,90.19827806,98.77100015,15.90827751,86.13805389,97,99.56173706,91.21885012,16.93136978,90.51932747,84.72799683,57.26320022,25.00966457,90.70204926,94.2,94.22860718,94.01396942,8,7.763147831,99.30841064,95.04510323,97.92022705,100,99.5790863,78.70005798,98.44818115,,100,85.09945679,19.1,77.60952304,86.70586395,93.18267822,48.63581085,70.21115875,18.55900764,38.4
11,2000,91.660398,0.959755898,22.84335518,100,100,78.76232978,100,95.09920502,98.9,90.07208252,100,100,98.90822245,3.377655506,100,20.66779709,9.222010612,32,100,,95.61405182,98.76785278,100,89.84365845,100,69.963045,94.46656799,100,100,34.91934204,27.30547333,6,100,100,100,100,97.938687,96.243927,47.61742401,41,6.7,20.10331917,95.2,39.59965897,55.90006638,98.686409,87.15004827,97,100,100,100,100,100,56.84339905,80.82576752,100,88.764932,98.96515656,89.72648212,66.81582573,90.78689419,98.87957572,99.48405379,93.41509247,97.7,100,29.17753792,100,100,12.7,100,33.03255245,100,75.39250946,100,100,46,73.6,100,98.78269196,44.67551041,100,16.51034546,34.3,5.409247398,62.41200638,100,85.95281982,100,73.318205,100,74.62134552,99.94685267,100,67.61672211,18.34185034,100,33.7,100,84.08818824,73.74475572,35.79454954,56.43987162,86.3,25.51826932,100,59.39574432,,100,97.9,96.36474609,100,100,100,84.56950378,98.7668457,100,99.04738617,15.9132328,99.73477936,16.6,52.33364105,93.03444672,100,100,91.46416803,43.15983963,99.33989716,0.01,99.8,89.3667984,91.70512364,20.47799114,12.67576983,100,69.58618927,62.76421538,73.23604311,4.258760108,94.1237174,100,100,100,100,53.75802612,69.85096741,100,98.08543396,13.62473679,83.8,91.61485856,98.007132,68.33873749,78.80153511,97.39627838,10.28409481,100,44.11086655,91.24248053,99.4369812,67.3,100,6.695058823,18.65601158,99,4.8,97.00534058,100,36.5,100,6.481481481,42.73761368,72.82972717,100,100,27.53760529,99.98339844,100,99.51066677,,52.39405195,75.26216125,81.40141009,72.496495,73.46167755,98.41449738,12.21201515,100,24.65166864,,11.6491127,100,89.01773834,99.7,55.17870717,99.93188561,100,100,100,100,6.2,57.12171061,,23,62.2570631,100,6.568208694,11.10391712,84.519249,100,5.495079517,99.84008026,25.58087481,0.01,25.58914146,60.47375361,52.9,97.44142914,100,100,100,22.23093033,100,93.91511536,88.61544037,95.6,2.902383566,90.72504299,98.97804046,16.95623488,82.1,98.46774194,99.6,91.57925099,19.63400269,91.15359125,85.41768646,57.12171061,25.58914146,91.29,94.8,94.75376892,94.30186462,9.620610237,8.40489006,99.37786865,95.22565301,98.00775146,100,99.63301849,80.02507782,98.48568726,,100,86.23987579,22.33950424,77.72654907,87.61068726,93.71234131,49.95866394,71.33917999,16.7,33.59741974
12,2001,91.63809204,0.776536942,20,100,100,80.14925651,100,95.51106347,100,90.47645569,100,100,98.59178162,3.590047359,100,21.9,9.792644501,34.998806,100,100,96.065547,99.4,100,89.94104004,100,69.258539,96.016528,100,100,39.3070755,24.8,6.022170544,100,100,100,100,97.25312042,96.55620575,48.64391708,46.2,7.271540165,22.33146286,94.19931793,41.93915939,58.14375305,98.24978,88.75958463,97.28088379,100,100,100,100,100,56.47632217,82.21479034,100,89.791362,98.94402313,90.28895373,65.51125754,91.28777596,98.97261837,99.52785297,93.77191162,97.44282532,100,30.22068596,100,100,10.81223297,100,34.00194728,100,76.79507446,100,100,48.26846695,76.12239838,100,98.84263611,46.69892502,100,17.42796135,29.74814606,5.936371803,62.70355225,100,86.30150604,100,73.73262024,100,75.17190552,99.93818635,100,68.81343079,18.710819,100,31.542382,100,83.31699663,73.24571569,36.75281231,58.04869624,86.26,26.17693983,100,55.8,,100,97.86053467,96.56269073,100,100,100,87.708112,98.83626556,100,99.09512329,17.08220673,99.70032501,17.74428177,54.32052231,93.53,100,100,91.82899469,45.85504913,99.39809418,0.01,99.4646759,89.9,92.03758487,21.0546376,12.06220988,100,63.6,61.73655466,72.74886668,3.629649639,94.67116322,100,100,100,100,54.84550858,71.93392181,100,98.31710815,14.8,86.63990021,91.95957416,97.18483734,69.83791351,78.40742212,97.6114502,10.8,100,44.86624146,91.57776402,99.4541626,74.0714035,100,5.7,22.2,99.22132874,5.339164257,97.21986389,100,36.64488602,100,8.3606987,43.67113113,72.22158,100,100,24.6,99.94024658,100,99.45328094,,54.30760024,77.7,81.52078247,72.113111,74.50588989,98.418396,12.8312397,100,25.37915073,,13.32302284,100,91.04207,98.99084473,56.50806363,99.94031168,100,100,100,100,5.857765675,54.77361486,,31.78651237,41.43057632,100,9.101857185,11.41564369,87.063829,100,6.968997478,99.81719971,25.92921479,0.01,25.93727258,62.03561728,52.53282166,96.74906921,100,100,100,26.9,100,94.26155853,89.33189392,92.72412872,3.222131252,91.27274028,99.06292468,19.47834969,88.23482513,98.49528503,99.60073853,91.91463043,25.6,91.49924326,86.08896637,54.77361486,25.93727258,92.30155182,97.3,95.26052094,94.5713501,10.24378967,8.6,99.43040466,95.63320067,98.09456635,100,99.67003632,82.41,98.50479126,,100,87.36188507,23.78227425,77.29193204,88.49710846,94.22359467,51.26311111,70.2,19.4985199,33.83086777
13,2002,91.83371735,6.267393589,24.93909454,100,100,80.35997843,100,95.79750824,98,90.8684845,100,100,100,3.79009223,100,23.14573288,10.35093212,37.30912399,100,100,96.38525391,98.5,100,90.02607727,100,63.996855,96.652996,100,100,43.68245697,31.36442184,6.486515999,100,100,100,100,97.46317291,96.85614014,51.4,44.05050659,7.86341238,24.54726028,94.45314026,44.8,58.6,98.509188,88.62112761,97.61888885,100,100,100,100,100,49.7,87.7,100,89.749814,98.91053772,90.87793319,68.99184806,91.81258999,99.09119506,99.58343737,94.11639404,97.66513062,100,32.2,100,100,12.36544323,100,35.05244871,100,79.63,100,100,50.01306534,77.07408905,100,99.9,48.70999146,100,18.33323097,30.88222504,6.451149464,62.98274994,100,86.6378479,100,78.667838,100,75.71012115,99.94291857,100,63.141137,19.30788778,100,33.03467178,100,85.5033779,75.0786703,37.78431867,58.51633965,87.6,27.5136809,100,62.3,,100,97.97327423,96.74828339,100,100,100,86.681291,99.5,100,99.13079834,18.23883247,100,19.81285667,56.29505539,93.93949127,100,100,92.3681488,46.3,99.44422913,0.01,99.33629608,90.30214691,92.61589091,22.66631628,13.54596251,100,80.7,65.29623529,74.60084464,5.303376675,95.23853333,100,100,100,100,55.92064285,74.00453949,100,99,14.24195862,87.7772522,92.17354668,97.897085,71.32473755,80.38057784,97.81427765,13.26835442,100,47,91.79714031,99.46000671,74.51846313,100,8.769053459,21.4166069,99.4,5.628029823,97.42203522,100,37.58753967,100,8.817951202,44.59230042,73.83669281,100,100,35.39025497,99.85875702,100,99.54339192,,55.25583511,78.1339035,82.24740601,74.382688,75.53775024,98.40994263,13.43811703,100,26.15364016,100,14.98458576,100,91.666443,99.04501343,58.37185718,99.94308242,100,100,100,100,6.743775368,60.44332534,,32.16945648,36.8,100,11.62316036,11.71502399,87.54906,100,7.4,100,27.07585072,0.01,27.08402342,62.74313877,53.32681656,96.04437256,100,100,100,27.56192398,100,96.1,86.6,92.85603333,3.529532194,91.84794914,99.17110208,21.24183464,89.26166534,99,99.60073853,92.4462312,24.99010468,91.71973823,86.74790192,60.44332534,27.08402342,93.07975006,97.8,95.75492859,94.62978316,10.85462189,7.8,99.47088623,96.11075786,98.16932678,100,99.7,82.62593842,98.51154327,,100,89.1,25.21269798,78.8210251,89.37117767,94.72249603,52.55521011,77.1,17.4,34.2
14,2003,92.0230484,11.75196648,25.97450829,100,100,81.35478764,100,96.13420868,99.14831543,91.25423431,100,100,98.90182495,3.983853579,100,24.37224388,11.4,39.61315918,100,100,96.75839996,99.04735565,100,90.10482788,100,72.3,96.980098,100,100,41.1,33.38143921,6.944578171,100,100,100,100,98.782325,97.1497879,50.67906189,45.11754227,8.449001312,26.75677299,94.70068359,46.58718109,62.60014725,98.695902,88.93760837,97.9506073,100,100,100,100,100,55.71118546,84.96186066,100,89.173808,98.87077332,91.20871945,70.1484666,92.10568672,99.15673225,99.61434255,94.973044,98.8,100,32.27600479,100,100,13.91236973,100,35.7193643,100,80,100,100,51.75137711,78.0194931,100,98.93213654,48.3,100,19.23221779,32.01002121,6.959643364,63.25566483,100,86.96790314,100,78.512204,100,76.2420578,99.96398785,100,65.090464,20.69509301,100,31.6,100,86.10819659,75.85863908,39.65872182,61.48145975,87.94,28.87417786,100,63.92449188,,100,98.07955933,96.92759705,100,100,100,86.94269562,98.94473267,100,99.16020966,16,99.60044861,19.3,58.26330566,94.37955475,100,100,92.64005119,48,99.48410034,0.01,99.20162964,90.75736237,92.9144942,24.08972784,15.12793334,100,74.27824402,66.74850076,75.39195087,6.97081995,95.4967389,100,100,100,100,56.98949432,76.06886292,100,98.75007629,20.3,88.90831757,92.99825494,97.52024841,72.80527496,81.18577998,98.01065063,14.7480278,100,46.3460083,92.65618579,99.46105957,76.3,100,8.1,22.78444862,99.02339935,6.2,97.61792755,100,38.52390671,100,9.268918991,52.2,74.32772064,100,100,39.30412292,99.7486496,100,99.5517913,,56.34381922,79.55731964,87.8,74.380966,76.6,98.39520264,14.03871059,100,28.60633045,100,16.63986588,100,92.558399,99.1,59.23226126,99.95069983,100,100,100,100,7.623501778,62.08152461,,32.54611969,44.19868088,100,14.13817883,12.00812054,86.961151,100,9.885855675,99.73330688,29.1786035,0.01,29.1860985,63.58355925,54.11452866,95.33338928,100,100,100,30.21496391,100,94.92346954,90.73381042,92.98165894,3.830649137,92.16195812,99.23080636,22.99903679,90.2822113,100,99.60051727,92.7484018,27.7,92.58679043,87.40055084,62.08152461,29.1860985,93.85166168,98.4,96.24304962,95.07933807,11.1,10.24390888,99.50511169,96.37987691,98.23783112,100,99.71368408,83.91390991,98.51200867,,100,89.57492828,26.63683701,79.45777452,90.23896027,95.21511841,53.84102631,78.8,18.5,34.26678467
15,2004,92.21216583,17.23631859,27.00970078,100,100,82.66240234,100,96.47068024,99.17969513,91.63976288,100,100,99.05349731,4.17739439,100,25.59853554,11.45471954,40.6,100,100,97.13132477,99.1321106,100,90.18335724,100,76.05091858,96.765107,100,100,52.42043686,35.39823532,7.402419567,100,100,100,100,97.87049103,97.44321442,51.69551468,47.1,9.034368515,28.96606445,94.94800568,48.9078331,64.82498169,98.954779,89.50823308,98.28649139,100,100,100,100,100,55.32525635,86.33203125,100,90.316567,98.83078766,91.73332885,71.04468721,92.572928,99.22531973,99.6464511,94.79255676,98.10134888,100,33.30030441,100,100,15.45907593,100,36.46383338,100,80.95292664,100,100,53.48947144,78.96468353,100,98.97354126,52.71933746,100,20.13098335,33.13759613,7.467916489,63.52836227,100,87.29773712,100,77.12960052,100,76.77376556,99.9525173,100,67.113528,21.68789339,100,33.68727493,100,86.4672922,76.05946607,39.77128963,60.49894143,89.01,29.5500436,100,64.4,,100,98.19033813,97.10668945,100,100,100,87.72522736,99.17343682,100,99.18939972,20.5392971,99.54714203,23.93721771,60.23133087,94.81939697,100,100,92.99784707,53.89085388,99.9,0.011186852,99.06674194,91.2123642,93.23058081,24.70025489,15.73425046,100,75.8337326,67.11020122,75.60811811,6.8,95.79822682,100,100,100,100,58.05812454,78.2,100,99.1,14.83404636,90.03916168,93.34308801,98.597701,74.28559875,81.45497053,98.21151733,16.22747993,100,47.08253098,92.4963038,99.46193695,75.3997879,100,10.8179121,24.15206909,98.92108154,6.9,97.813591,100,39.4600563,100,9.719666481,46.42185211,74.81852722,100,100,37.2,99.62893677,100,99.66116387,,57.50354684,80.98051453,83.68785095,75.692357,77.58869171,98.38024902,14.63908291,100,28.02773594,100,18.29492378,100,93.249876,99.14057159,60.3509431,99.95659704,100,100,100,100,8.503006935,62.74186015,100,32.92256165,36.8,100,16.65297699,16.8,87.357045,100,11.34092236,99.68743896,28.91228149,0.011315047,28.91961774,64.54271117,54.90201569,94.62218475,100,100,100,32.86778259,100,95.25106049,91.43141174,93.10705566,3.5,92.67203878,99.29327884,24.75601578,91.30254364,98.73070526,99.5998764,93.06848303,30.32106972,92.42414942,88.05297852,62.74186015,28.91961774,94.62335205,99,96.7309494,95.32997131,11.4,10.84839058,99.53910828,96.68996282,98.3061142,100,99.73215485,85.20166779,98.51226044,,100,90.67808533,28.06075668,79.68568365,91.10652924,95.70751953,49.59,80.9,20.3,34.48138046
16,2005,92.40711975,23,28.05073547,100,100,83.68757621,100,96.81299591,99.8,92.2,100,100,99.21097565,3.207317073,100,26.8306675,12.01234436,44.23,100,100,97.51009369,99.22267914,100,90.26773071,100,68.288209,97.093513,100,100,59.80811164,37.42087555,7.866103649,100,100,100,100,98.08879089,97.74249268,58.9,47.25702286,6,33.8,96.8,51.23432159,67,99.053051,90.10656897,98.62835693,100,100,100,100,100,54.94516754,87.70803833,100,90.141224,98.79664612,91.94867204,72.46381099,92.76251419,99.35209384,99.70489944,95.83265,99.4,100,34.33044434,100,100,14,100,37.3159624,100,82.34248352,100,100,55.23340607,81.6,100,97.93505412,54.72974396,100,20.2,30.4562675,7.982031822,63.80689621,100,87.63341522,100,78.26552582,100,77.5,99.95709306,100,68.903309,21.80433387,100,34.01931,100,87.29756033,76.89960505,41.1089002,62.07083597,86.19462585,30.78958348,100,66.93244934,,100,98.30693817,97.29161835,100,100,100,88.51361084,99.05230713,100,99.22441101,21.69526291,99.44230769,20.5,69.67640546,95.26508331,100,100,93.39520875,57.2,99.5692215,0.044350129,98.93770599,91.67320251,93.61724666,25.8447656,16.23963209,100,77.39506531,68.83279613,76.46261453,10.31110764,96.37380576,100,100,100,100,59.13259506,80.20292664,100,98.6,15.13582134,91.17584991,94.27907131,98.932728,75.77175903,82.43581105,98.41820526,17.71277428,100,47.82489395,93.53549191,99.83022071,86.2,100,11.84807396,18.2,98.82460022,6.4811759,98.0240097,100,40.4020462,100,7.1,47.34236145,73.821815,100,100,47.13725662,99.51343536,100,99.72031356,,58.82359835,83.85,84.4138031,77.173645,78.61989594,98.91650733,15.24529839,100,28.68515675,100,19.95582581,100,94.686886,99.19408417,62.01887022,99.97658706,100,100,100,100,4.8,65.57451374,100,33.3048439,47.1,100,19.17361641,11.33248552,87.525839,100,12.80183125,99.69072165,29.11108083,0.033698916,29.11827049,65.65220225,55.69534683,93.91681671,100,100,100,35.52644348,100,95.58448792,92.13484955,93.23829651,4.438284397,92.86826795,99.4088561,26.51883888,92.32872009,99.3,99.5998764,93.46114395,32.99228287,93.47353897,88.71125031,65.57451374,29.11827049,95.40088654,99.3,97.2246933,95.58644867,12.67366886,8.9,99.8855617,97.01285871,98.38021851,100,99.75644684,86.49526215,98.51834869,,100,96.1,29.49051666,80.3764807,91.97993469,96.20576477,56.41805649,80.9,21.27788544,34.70182037
17,2006,92.61398315,28.2286129,29.10367584,100,100,85.80029613,100,97.16722107,99.26573181,92.43440247,100,100,99.5,4.588065624,100,27.9,12.5818758,50.52510246,100,100,97.90076447,99.38727699,100,90.98853086,100,76.211281,97.594314,100,100,61.1817894,39.45542145,7.805169325,100,100,100,100,99.368108,98.06681061,53.74567795,49,10.22869492,33.40824127,95.46623993,53.57271957,69.29824066,99.147523,90.03914387,98.97970581,100,100,100,100,100,55.5,89.09596252,100,90.118148,98.77441406,93.03064008,74.01125663,93.73286066,99.42934106,99.7405261,96.315259,99.04,100,35.37248611,100,100,18.57607841,100,38.92858715,100,83.74394226,100,100,56.98924255,80.87863922,100,99.0796051,55.09345008,100,21.95210457,35.41633606,14.5361991,64.09733582,100,87.98100281,100,83.730998,100,73.38258786,99.97795669,100,71.266448,23.82473053,100,33.9,100,88.18715663,77.91954817,43.03087538,62.45594169,90.62,33.47966751,100,67.9,,100,98.4,97.62211156,100,100,100,89.31389618,99.12063599,100,99.76654765,22.86313248,99.46412659,28.08494759,64.190979,95.72267914,100,100,94.05291643,57.0410587,99.38381709,0.244776547,98.82056427,92.14594269,94.28316914,28.54694839,18.46238337,100,78.9683075,70.46318262,77.49458546,9.7,97.0743827,100,100,100,100,60.21897507,96.5,100,99.40963745,15.44950294,92.32444,96.02447064,99.11416,77.2698288,83.44133867,99,16.6,100,48.5791626,95.49421126,99.48332214,76.30448914,100,12.89014149,26.91089821,98.74002075,3.653227333,98.2416687,100,41.35594177,100,9.3,48.27477646,75.82373047,100,100,51.2,99.40956116,100,99.78132119,,60.21941755,83.85049438,85.15166473,80.157275,79.66300201,98.37392426,12.4,100,29.94172781,100,21.62863159,100,96.749045,99.7,61.36620048,99.96976105,100,100,100,100,10.28560829,67.08066622,100,33.69903183,49.9,100,14.4,12.91033745,89.201467,100,15.23378582,99.62382507,30.49174642,0.15520826,30.4991105,66.52208635,56.50058746,91.01983989,100,100,100,35.2,100,99,99.5057574,93.38144684,4.756928444,93.94158844,99.47924482,27.9,99.14620148,98.90644836,99.8413328,94.14109976,35.67540359,95.44779864,92.3,67.08066622,30.4991105,96.19033051,99.4,97.73033905,95.85482788,13.2957449,9,99.63037109,97.47335076,98.505426,100,99.4900961,87.80076599,98.53634644,,100,96,26.44,81.22161657,96.37172973,96.71591949,55.80033463,80.7,21.7373333,37.2
18,2007,92.83882141,33.74868011,37.5,100,100,84.73572324,100,97.53941345,99.33103943,92.85564423,100,100,99.56214142,4.817322254,100,29.33671188,13.16937447,46.5,100,100,98.32530212,99.7,100,90.47825623,100,80.156567,98.125382,100,100,71.8,41.50793457,8.835249901,100,100,100,100,98.55635071,98.39870453,54.78623962,48.2,15.2,35.65324783,95.74927521,55.92908478,71.55879211,99.217998,91.26551039,99.33018494,100,100,100,100,100,54.22677231,90.50184631,100,96.876342,98.7701416,93.18554783,75.26805748,93.86998502,99.55409496,99.79762503,96.812618,98.81959534,100,36.43249893,100,100,20.15850067,100,40.07562585,100,88.9,100,100,58.76305389,81.85954285,100,99.15492249,58.7923317,100,22.88658714,36.57962418,9.052042007,64.40574646,100,88.34655762,100,80.5791626,100,78.4282074,99.96740764,100,73.548187,25.47526354,100,34.72515488,100,88.76832887,78.5466274,44.26345688,65.17444949,91.1,33.98848905,100,69.98802185,,100,98.57985687,98.1,100,100,100,90.13214874,98.8,100,99.33415222,24.04897118,99.44654083,30.18273354,66.19472504,96.19823456,100,100,94.41367697,61.97924423,99.9,3,98.7213974,92.63665771,94.60626244,29.43937477,20.46893422,100,80,71.56195346,78.13783561,13.69901657,96.96310229,100,100,100,100,61.32331848,84.38460541,100,99.63329315,15.78115177,93.49100494,94.89618446,98.25283051,72.3,84.03838883,98.87129974,20.72514153,100,49.35139847,94.15282868,99.51626587,76.78076172,100,13.95017719,33.04054054,98.67340851,7.099361897,98.47579956,100,43.7,100,11.1312151,50.13091943,76.35025024,100,100,55.018013,99.8,100,99.72068128,100,61.7066641,89.2,85.90749359,81.988131,80.72408295,98.39467621,16.4995079,100,31.67372419,100,23.31940651,100,96.452771,99.34288025,63.29105215,99.98236746,100,100,100,100,11.20083046,69.01083103,100,34.11118698,49.78073883,100,12.9,13.23892975,91.109558,100,15.76542854,99.62101746,32.04549637,0.502949536,32.0522522,67.8933672,57.3237915,92.54787445,100,100,100,40.88554764,100,96.2931366,93.58350372,93.54255676,5.093541145,94.07555688,99.59300887,30.08626366,94.42284393,99.01660919,99.63609314,94.46802026,36.6,94.09511043,90.06957245,69.01083103,32.0522522,96.99773407,99.4,98.26985168,96.7,13.93578815,12.72113991,99.8,97.64923485,98.692636,100,99.84310913,88.79,98.5723114,,100,94.04686737,33.62462006,81.74765001,93.7685318,97.24403381,59.04270935,82,18.5,35.18447876
19,2008,93.08616638,42.4,31.268013,100,100,85.43282681,100,97.93412781,99.41564941,93.29940796,100,100,99.74180603,4.8,100,30.62123871,13.77939415,51.24977493,100,100,98.753685,99.58003998,100,90.61502075,100,84.674991,98.526625,100,100,70.01350403,43.1,9.351327896,100,100,100,100,98.81767273,98.74991608,55.83730316,50.56917572,11.49338341,37.92077637,96.806763,58.30796814,73.84185791,99.263937,92.31475504,99.6403656,100,100,100,100,100,53.89907837,90.9,100,97.576197,99.3,93.85270743,76.51359301,94.46919895,99.66382744,99.84763433,97.206576,99.8,100,37.51503372,100,100,21.76344299,100,40.47885868,100,86.16,100,100,60.55938339,82.86296082,100,99.2495575,60.5,100,23.84358788,37.76543808,9.618552208,64.73667908,100,90,100,81.76748657,100,79.01815796,99.9728435,100,76.396899,26.03370377,100,35.10958099,100,89.55572611,79.18506537,44.85164074,64.51514049,92.73,35.19125543,100,71.5473175,,100,98.7438736,97.94059753,100,100,100,92,99.30954742,100,99.41656494,25.25732994,99.45146942,26.4,68.22099304,96.69631195,100,100,95.14010424,66,99.9,1.75265646,98.6447525,93.14989471,95.30894851,30.45335857,20.93425747,100,82.17324829,72.78437182,78.78940962,15.42447567,97.39592015,100,100,100,100,62.45018768,86.50695038,100,99.81942749,16.13532257,94.68008423,95.4883928,98.914037,80.32442474,84.8017058,99.2,22.26283073,100,50.14615631,94.81250458,99.56887817,77.27954865,100,13.57122385,30,98.62932587,7.439959526,98.72924805,100,43.32218933,100,11.64019966,50.3,76.89929199,100,100,58.98989487,99.25408936,100,99.81461609,100,62.81016831,86.79083252,86.68584442,84.678343,83.3,98.43795776,17.15811729,100,31.78677452,100,25.03270149,100,96.677896,99.4487915,65.7791186,99.98467113,100,100,100,100,6,70.64156337,100,34.54586411,51.21966171,100,26.82971001,12.1,91.000227,100,17.2787323,99.62101746,31.96655511,1.021752357,31.97332691,68.980838,58.16951752,91.89490509,100,100,100,43.59660339,100,96.67896271,94.33934021,93.72619629,5.452673912,94.72775683,99.69309865,31.90147972,95.50141144,99.14608002,99.68326569,95.18610263,41.10010147,94.76038367,90.78023529,70.64156337,31.97332691,97.82766724,99.4,98.80690002,96.45004272,11.5,13.38385677,99.78270721,98.0264445,98.784355,100,99.9029541,90.47022247,98.63079834,,100,95.20825958,33.87397385,82.27833238,94.69432831,97.7946701,60.38653946,81.9,22.71468544,35.45730972
20,2009,93.35454559,44.8548851,32.38246918,100,100,85.18981512,100,98.36336517,99.51981354,93.7641983,100,100,99.88473511,5.341904163,100,31.92679214,14.4104414,53.63285446,100,100,99.18226624,99.72540283,100,90.77281189,100,86.765597,98.856938,100,100,74.46164703,45.67902756,9.888433456,100,100,100,100,99.593662,99.11564636,56.8971138,51.71525574,12.15801525,37.1,96.057229,60.70788193,76.14595795,99.409804,92.36868097,99.85733032,100,100,100,100,100,53.59241486,93.37969208,100,97.85776,98.82767487,94.43162696,78.68237985,94.98855996,99.79730355,99.90810986,96.470862,99.3794632,100,38.61859512,100,100,23.38941193,100,41.03873114,100,88.06829071,100,100,62.3767395,83.88741302,100,99.36373138,62.93895721,100,24.82161713,38.97227478,4.7,65.08863831,100,89.14373016,100,82.97683716,100,77.6,99.98629372,100,78.269685,26.58126326,100,35.51503754,100,90.76458463,80.30883593,46.13772614,66.35050927,93.55,36.20522061,100,75,,100,98.9274292,98.21245575,100,100,100,91.83472443,99.4,100,100,23,99.47743225,34.44437408,64.19,97.21542358,100,100,95.37723824,67.46946716,99.87830353,1.9,98.58912659,93.6841507,95.55989952,31.45525102,22.09463646,100,83.80799866,74.87954014,79.92290543,17,97.85468027,100,100,100,100,63.59807968,88.65032196,100,99.93630219,17.4,99.9,95.71883615,98.71661377,81.88401031,86.026508,99.2,24.03089583,100,50.96194458,95.06002604,99.64112091,77.79936981,100,15,31.18697548,98.60626221,7.801584721,99.3,100,44.33760071,100,12.17021084,51.1919899,77.916313,100,100,62.98280716,99.20565796,100,99.83451094,100,63.85903278,90.73,87.48522186,86.42432,82.91230011,98.50226593,17.8377552,100,31.96759369,100,26,100,96.891335,99.57572174,65.20333643,99.99149639,100,100,100,100,13.09734249,74.02505695,100,29,53.5,100,21.2,13.96218109,91.08402,100,18.81306267,99.64244843,32.48345631,3,32.49006048,69.63858381,56.9,91.26296234,100,100,100,46.32868576,100,97.08582306,95.11620331,93.9308548,5.832834721,95.30003591,99.814894,33.7377243,98.96,99,99.74977112,95.44109044,43.84473801,95.00870998,91.51193237,74.02505695,32.49006048,99,99.5,99.31074524,96.77993774,11.2,10,99.8724823,98.39603276,98.83069611,100,99.95549774,91.83724213,98.71030426,,100,96.1,33.29111519,83.21139205,97.9,98.37705994,61.75139999,82.7,23.23564911,43.36908187
21,2010,93.35629215,42.7,33.5149498,100,100,86.13613365,100,98.82,99.8,94.24700928,100,100,99.96567535,5.3,100,34.2,13.1,55.26,100,100,99.56098938,99.85575867,100,89.91722437,100,84.29481506,98.88305664,100,100,73.28291087,47.79311371,9.8,100,100,100,100,99.38864136,99.7,57.96392822,52.8793602,12.84067059,42.51591492,96.788995,63.12582016,81.1,98.995734,93.11451107,99.96389771,100,100,100,100,100,53.30377197,94.84715271,100,98.145414,98.88497162,94.99733022,79.45510366,95.49618471,99.49847703,99.77238905,97.462142,99.64969635,100,39.74018097,100,100,25.0334053,100,40.80407801,100,89.54928589,100,100,64.53152025,84.92988586,100,99.49563599,65.04080963,100,25.81767082,40.19713593,6,65.45861816,100,89.57085419,100,84.20420837,100,80.25813293,99.98421252,100,80.984668,27.90850224,100,35.93851852,100,91.45778492,80.70526082,46.02578689,64.38703506,94.15,36.99181561,100,76.3,,100,99.12870789,98.48660278,100,100,100,92.7145462,99.57345581,100,99.63712311,19.2,99,31.1,63.16773671,97.75255585,100,100,95.74989714,70.24311066,99.94880676,5.146131039,98.55153656,94.2,95.9109441,32.51407442,23.08677176,100,85.3,75.41925995,80.33629901,18.93547249,98.38580422,100,100,100,100,64.35,90.81171417,100,99.9860611,16.90373993,97.11832428,95.98215022,99.236696,83.46161652,86.47420736,99.65153503,25.39828682,100,48.8,95.35005182,99.72993469,78.50208044,100,17.25792313,32.65188217,98.60122681,8.7,99.28923035,100,45.37103653,100,12.71824646,48,78.05745697,100,100,66.9937439,99.17564392,100,99.91955913,100,64.48086433,89.81377411,86.85,88.123061,84.03495026,98.58459473,19.5,100,32.00932687,100,28.51937103,100,97.43086,99.9,68.56648064,99.99627024,100,100,100,100,9.7,75.11751924,100,35.47529984,54.15758896,100,32.03585815,11.46217307,91.580238,100,20.36541748,99.718398,32.6269762,1.5,32.63356073,70.37469319,59.92104721,91.19751586,100,100,100,45.55233761,100,97,92.7,94.15354156,6.4,95.83935157,99.54169051,30.79174368,99.7,99.46128082,100,95.80105155,38,95.29778581,92.26165009,75.11751924,32.63356073,99.29836273,99.5,100,97.12786102,14.8,14.76937103,99.94507599,98.84377614,98.98948669,100,99.98669434,93.22228241,98.80784607,,100,97.59113312,36.89836502,83.53911925,96.60601044,0,63.13428116,82.9,22,36.06305695
22,2011,93.94237518,43.22201891,34.6,100,100,86.78268328,100,99.21616364,99.76715088,94.55201403,100,100,99.9,5.938580036,100,36.9,15.72360229,59.6,100,100,99.82565308,99.70578055,100,91.68173599,100,88.335943,99.328691,100,100,83.40899658,53.24,11.01371098,100,100,100,100,99.588193,99.74872589,59.03598785,53.7,13.53834534,44.83751297,96.6936,65.55877686,80.80522156,99.232348,92.67709519,99.99571228,100,100,100,100,100,53.03014755,96.32962799,100,97.898872,98.95729828,95.35698882,76.45053687,95.81827984,99.94105254,99.97317403,96.872699,99.8531723,100,40.87678528,100,100,23,100,42.57454321,100,91.04530334,100,100,66.06251526,85.98738098,100,99.64033508,64.06256,100,26.82874298,41.43701935,11.43223,66.1,100,88.8,100,84.026414,100,80.90215302,99.98856298,100,82.195298,28.28691934,100,36.37701416,100,89.19618304,79.4908832,48.59774188,68.65539252,94.83,38.71468117,100,67.6,,100,99.3441925,98,100,100,100,91.1,99.72016907,100,99.79746835,28.99655342,99.58042145,38.7781105,74.4139328,98.31338501,100,100,96.10884794,70,99.68401095,4.1,98.52895355,94.80374146,96.26092842,34.15507525,23.86015772,100,87.76,72.91472653,79.12778892,20.71500206,98.55432418,100,100,100,100,65.94493866,92.98812866,100,99.99860382,14.3,98.25430298,96.51296153,99.24835968,89.91960679,85.14752877,99.7261638,26.99004555,100,52.64458084,95.95442658,99.82582092,72.05707491,100,20.2,34.13181305,99.4,7.6,99.56734467,100,46.41949081,100,14.3,55.9,78.66056824,100,100,76.3,99,100,99.91741774,100,66.8611581,91.37,89.13504028,89.707491,85.17262268,98.6819458,19.24809456,100,34.83821253,100,30.28673744,100,98.23656,99.7,70.51034071,99.99783044,100,100,100,100,10.8,69.32652945,100,35.96404648,56.5,100,34.66296387,14.2,92.574686,100,21.93279076,99.74458313,34.87401277,3.918669462,34.88012757,72.10403622,60.82084274,90.05014801,100,100,100,51.84391785,100,97.95059967,96.72099304,94.39125061,6.64422226,96.17965108,99.94611072,39.7,98.71641541,99.63639069,99.90586853,96.1611532,49.38507843,95.91089513,92.17545611,69.32652945,34.88012757,99.73614502,99.5,99.91078186,97.49079895,14.2,14.6,99.98504639,98.94498426,99.17,100,99.99790955,94.62234497,98.84,,100,99,38.43458939,82.50464582,96.6685747,99.43043518,64.53218079,84.7,24.3286438,36.9
23,2012,94.2558136,69.1,35.82196426,100,100,87.28824394,100,99.58441162,99.87887573,95.25469208,100,100,99.99971008,6.5,100,38.4,16.39970779,60.87821579,100,100,99.95579529,99.98661804,100,91.3423233,100,90.387375,99.519494,100,100,91.5,52.06333923,11.59587574,100,100,100,100,99.85822296,99.91638184,55.8,55.24962616,15.4,41.6,97.032176,69.3,83.1543808,99.503298,93.6253228,100,100,100,100,100,100,54.6,97.82411957,100,97.86705,98.76466047,95.81166173,82.26449485,96.2262975,99.95089923,99.9776244,97.194929,99.7,100,42.02540588,100,100,28.36344719,100,44.69644597,100,92.5533371,100,100,67.92493439,89.3,100,100,69.28656006,100,26.2,42.68891525,12.06482601,66.24063873,100,90.46715546,100,86.70101166,100,81.55818939,99.99358416,100,83.607727,31.04256015,100,37.9,100,92.8502273,82.51660463,50.0412489,68.79666166,96,40.7914417,100,79.9,,100,99.56376648,99.3,100,100,100,93.1,99.5,100,99.87473297,30.27099991,99.8,40.96450424,76.50628662,98.86421204,100,100,96.46685,76.36662775,99.99830627,8.599683762,98.51839447,95.34342258,96.61147049,36.4183428,26.75955705,100,88.80839539,78.78132557,82.17401478,22.50654793,98.81809419,100,100,100,100,67.13788605,95.17656708,100,100,17.73223686,99.1618042,96.91927651,99.111637,86.65888977,88.30604681,99.9574585,25.6,100,53.5054245,96.41861516,99.91059875,79.45494843,100,19.54319191,35.62375641,98.63320923,7.4,99.8,100,47.4799614,100,14.4,54.26990509,79.2756958,100,100,75.05766296,99.16220093,100,99.9117763,100,67.9832562,92.89678955,89.97947693,91.099508,86.32230377,97.63042631,19.97279167,100,36.09811883,100,32.06612015,100,97.835616,100,72.00408295,99.99395088,100,100,100,100,16.06977654,79.35293498,100,36.46480942,57.15559769,100,37.30208206,15.17472649,93.680571,100,23.51218033,99.81497192,35.76438118,4.912345409,35.77034828,73.15018853,57.9,89.46326447,100,100,100,54.62106323,100,98.40927124,97.54291534,93.1,7.069441795,96.6160081,99.95509182,39.3425827,99.10862355,99.1,99.96212006,96.52227949,52.17477417,96.37650108,92.8,79.35293498,35.77034828,99.93693542,99.5,99.98565674,97.6717774,15.3,16.21496391,99.86749117,99.12924984,99.34907532,100,99.99990845,96.03442383,99.04496765,,100,100,39.98283005,85.04133753,98.50470734,99.77365112,65.94210052,85.3,24.89466667,36.72887802
24,2013,94.57826233,67.259552,36.99048996,100,100,88.38970515,100,99.83712769,99.95405579,95.77355194,100,100,100,6.583319187,100,37.29920578,17.08482742,61.5,100,100,99.99473572,99.99848938,100,91.55418396,100,89.505686,99.575151,100,100,92.40441895,54.21347046,12.18705177,100,100,100,100,99.6,99.98311615,61.18886185,56.44977951,14.9667387,49.5137558,97.779418,70.45773315,85.51255035,99.563517,94.67222251,100,100,100,100,100,100,52.51594543,98.8553009,100,98.385853,99.13498688,96.05724223,82.58564055,96.44602814,99.9883524,99.99468547,98.034674,99.9950943,100,43.1830368,100,100,30.04348755,100,45.79425217,100,91.75,100,100,69.7963562,86.4,100,99.89849854,70.7,100,28.88393211,44.5,12.70643425,66.64666748,100,90.93032837,100,87.96443176,100,82.22323608,99.99066982,100,87.184881,31.60121646,100,37.28705597,100,92.91618168,82.67086938,50.88200197,69.74974646,96.46425831,41.5673011,100,79.59911346,,100,99.76177979,99.37960052,100,100,100,95.43212128,99.94194031,100,99.95161438,31.55445671,99.73147583,43.15990829,78.60765076,99.36647797,100,100,96.88009494,78.64215851,100,9.8,98.5168457,95.9713974,97.00028371,37.1199203,27.19554912,100,90.2,79.15793629,82.34017311,24.30710411,98.97549687,100,100,100,100,68.33985138,97.37400818,100,100,12.9,99.71151733,97.88349488,99.74873352,88.27254486,88.5395387,99.99384308,30.20660782,100,54.37528229,97.53550339,99.7,81.2,100,20.70084572,37.12471008,98.66422272,9,99.92913818,100,47.4,100,14.44045448,55.6,79.89984131,100,100,79.10464478,99.16244507,100,99.97008744,100,68.56635501,93.6,89.1,92.135365,87.5,98.90968323,20.7064991,100,36.7603155,100,33.85451126,100,99.015884,100,72.80688853,99.99961484,100,100,100,100,15.2,79.31832379,100,36.97458649,57,100,44.7,13.5,95.043105,100,25.10058212,99.88726807,36.53690231,5.915032864,36.54270513,73.77266828,62.65348053,88.88539124,100,100,100,57.40721512,100,98,98.35968018,94.89970398,7.503673077,96.84057694,99.98934105,41.23289871,99.85569763,99.91744995,99.99034119,96.9223771,54.97348404,97.50618366,94.58890533,79.31832379,36.54270513,99.99293518,99.7,99.99925232,98.24972534,16.4,13.9,100,99.2769464,99.611808,100,100,97.455513,99.17855072,,100,100,31.7,85.16333303,99.25564575,99.94250488,75.6,85.4,25.46970177,37.07681274
25,2014,94.90672302,89.5,32,100,100,88.07677414,100,99.95924377,99.98897552,96.29841614,100,100,100,7,100,34.1,19.2,62.4,100,100,100,100,100,91.77205658,100,90.038729,99.650247,100,100,96.91264343,56.36960983,12.78423595,100,100,100,100,99.99533844,99.99848938,61.9,56.8,13.5,51.86239243,97.790938,72.91772461,87.87672424,99.359291,95.55792271,100,100,100,100,100,100,52.26935959,99.58107758,100,98.470979,99.23434448,96.2182035,83.53442435,96.58978673,99.99023686,99.99554044,98.976067,99.8,100,44.34667587,100,100,27.2,100,47.07641868,100,95.59343719,100,100,71.67379761,89.21994019,100,100,78.3,100,29.92204094,45.21674347,17.2,67.05870819,100,91.39950562,100,85.494371,100,86.9,99.99708922,100,88.653773,34.12422457,100,37.75259018,100,93.3457059,83.30466723,52.5471623,71.17581581,97.01,43.34124089,100,81.23950958,,100,100,99.65541077,100,100,100,96.35400391,99.98558807,100,99.98814392,36,99.8,56.1,80.71501923,99.73669434,100,100,96.88224474,81.45786285,100,9.4,98.52130127,96.56573486,97.01316806,38.70196383,29.31236697,100,92.19206238,80.26055403,82.985433,27.8,98.92012341,100,100,100,100,69.54782867,91.6,100,100,18.59678078,100,96.88531245,99.172928,89.89221191,89.11526904,99.99980927,31.82540131,100,52,96.36822346,99.99226379,80.60873413,100,21.86450768,38.8,98.70124054,11.9,99.98512268,100,49.62493515,100,15.03054428,56.37191391,81.853073,100,100,84.9,99.17205811,100,99.91923749,100,70.40013226,96.01585388,91.69238281,92.919989,88.64569855,99.8103,21.44621468,100,39.18609893,100,35.64891434,100,99.000716,99.9,75.01788088,99.99966503,100,100,100,100,19.8,81.44868958,100,44.9,61,100,42.60435486,16.03315544,95.125416,100,26.69499207,99.66079793,37.75426974,6.923728466,37.7600129,75.39122504,68.6,88.31352997,100,100,100,65,100,99.29888916,99.09065247,95.1644516,7.943912029,96.97938146,99.9910606,45.7,99.98166656,99.97840881,99.99884796,96.93646673,57.77819824,96.32571066,95.38067627,81.44868958,37.7600129,100,99.8,100,98.63970184,18.91017914,20.4,100,99.32045082,99.657085,100,100,98.59864807,99.31814575,,100,99.2,43.10334778,85.69070477,97.9,99.99313354,66.1,86,27.9,32.3
26,2015,95.23818207,71.5,42,100,100,88.51796739,100,99.99520874,100,96.82629395,100,100,100,7.2520895,100,40.03347778,18.47008133,68.2046814,100,100,100,100,100,91.8,100,91.522822,99.710902,100,100,98.42352295,58.52875137,13.38442326,100,100,100,100,99.714844,100,64.0861969,58.86510086,16.41916466,60.4,98.186898,75.38071442,90.24390411,99.409804,95.56868404,100,100,100,100,100,100,52.02577591,99.90296936,100,98.560364,99.33670807,96.53323788,86.97261487,96.87265811,99.99824952,99.99919946,98.825883,100,100,45.51332092,100,100,33.41859055,100,47.50258605,100,97.11949158,100,100,73.55422974,90.30747223,100,99.99349976,75.71527863,100,30.96315193,46.48666382,14.00467014,67.47374725,100,91.87168884,100,90.50629425,100,83.56835175,99.9930888,100,89.98171,34.53462804,100,38.22112656,100,95.43290583,84.89639629,53.03586052,69.57506444,97.53736744,44.85585564,100,88,,100,99.97505188,99.86218262,100,100,100,97.27888489,99.99832153,100,100,41.6,99.90655518,47.56573868,90.55818141,99.93001556,100,100,97.14130726,89.7,100,13.84009171,98.52876282,97.16307831,97.25275594,40.70388308,30.19625693,100,93.88990021,83.64980862,84.59354158,27.92323875,99.11701297,100,100,100,100,70.75880432,99.58601379,100,100,19.03506088,99.99401093,97.87852696,99,91.51487732,90.90447135,100,37.6,100,60.5,97.52338427,99.99916077,81.1916275,100,24,39.5,98.74125671,10.8,99.99858856,100,50.70343018,100,16.6,52.5,81.16313934,100,100,87.21362305,99,100,99.89780358,100,71.03788977,93.5,92.55484009,93.852179,89.08,99.16146088,22.18893433,100,38.69630027,100,37.44631958,100,99.331532,100,79.51597646,99.99971107,100,100,100,100,22.8,86.51398714,100,38.00915527,60.5,100,55.1,16.46837616,95.4,100,28.29240417,99.98274231,38.45412842,7.935427666,38.45981465,76.0894053,64.51014709,87.74467468,100,100,100,62.99454498,100,99.67832184,99.63652039,95.43219757,7.7,97.27419311,99.99839632,45.02854538,99.6,99.9973526,100,97.18321547,67.28153394,97.49321587,96.17545319,86.51398714,38.45981465,100,100,100,99.0326767,18.5,18.5,100,99.32421619,99.70948,100,100,99.45506287,99.46073914,,100,100,44.66961288,87.02813234,99.9382782,100,70.21390533,85.5,31.1,33.7
27,2016,95.57014465,84.13713837,40.52060699,100,100,88.76865402,100,100,100,97.35466766,100,100,100,7.588477135,100,41.40261459,19.16471291,75.92,100,100,100,100,100,92.21431732,100,93.03913116,100,100,100,100,60.68839645,13.98511219,100,100,100,100,100,100,64.3,60.07476807,17.14737892,56.56616974,99.00445557,77.84421539,92.61158752,100,96.01630931,100,100,100,100,100,100,51.78269196,100,100,100,99.43956757,96.58073219,86.75162746,96.91424182,99.99994322,99.99997401,99.93681335,100,100,46.68046188,100,100,42.9,100,48.43865391,100,98.6460495,100,100,75.43517303,91.39550018,100,100,79.3,100,33.5,47.75708771,14.65579033,67.88928986,100,92.34436798,100,91.77922821,100,84.24290466,99.99846343,100,87.57662964,38.58563645,100,38.69016647,100,94.55677577,85.28465825,57.60864492,75.52734171,97.62,48.74181309,100,84.52681732,,100,100,100,100,100,100,98.20426941,100,100,100,56,99.99610138,49.77065659,84.93627167,100,100,100,97.70125152,87.09577179,100,19.8,98.53672791,97.76091766,97.79761074,44.78736244,34.99960126,100,95.58823395,83.57108359,84.99222099,29.73330879,99.22305396,100,100,100,100,71.97028351,100,100,100,22.9,100,98.03163183,100,93.13804626,90.88324373,100,35.06949997,100,57.00938416,97.69980707,100,81.77503204,100,24.19833946,41.65210724,98.78178406,11,100,100,51.78242493,100,16.21723366,59.3,81.79679871,100,100,90.7,99.20280457,100,100,100,71.7121024,99.14743805,93.4178009,94.85174561,90.98161316,99.28935242,22.9321537,100,43.03762582,100,39.24422455,100,98.4,100,79.54808276,99.99975778,100,100,100,100,29.37,85.56914982,100,38.52844238,64.5,100,47.91914368,20.3,98.61889648,100,29.89031792,100,42.80851318,8.947628021,42.81375384,76.62807494,65.44048309,87.17631531,100,100,100,65.79020691,100,100,100,95.70043945,8.830898285,97.29803033,99.99994795,46.92837524,100,100,100,97.74297928,63.39413834,97.67144737,97.02,85.56914982,42.81375384,100,100,100,99.42615509,32.8,26.7,100,99.42781211,100,100,100,100,99.60383606,,100,100,57.82,87.35104768,100,100,71.64234924,84.2,27.21933746,38.14513779
